[{"film_name": "\u4e09\u4f53", "book_id": "6518605", "comment_id": "3678666406", "comment_username": "\u4e16\u660e", "comment_timestamp": 1675433363, "comment_location": "\u5929\u6d25", "comment_rating": 5, "comment_content": "\u6211\u611f\u89c9\u8bfb\u5b8c\u4e09\u4f53\u6211\u4e0d\u662f\u6211\u4e86", "comment_isuseful": 0}, {"book_id": "6518605", "comment_id": "3678524581", "comment_username": "\u4e0a\u5584\u82e5\u6c34", "comment_timestamp": 1675427550, "comment_location": "\u6e56\u5317", "comment_rating": 5, "comment_content": "\u4e0d\u8c08\u5b87\u5b99\u7684\u5b8f\u89c2\u4e0e\u751f\u547d\u4f53\u7684\u5fae\u5c0f\uff0c\u5149\u662f\u4eba\u6027\u7684\u5584\u4e0e\u6076\u5c31\u8db3\u591f\u6df1\u523b\u7684\u4f53\u4f1a\u3002", "comment_isuseful": 0}, {"book_id": "6518605", "comment_id": "3678485751", "comment_username": "\u6709\u5e8f\u5ea6\u5728\u964d\u4f4e", "comment_timestamp": 1675425657, "comment_location": "\u5c71\u4e1c", "comment_rating": 5, "comment_content": "\u53ea\u80fd\u6ee1\u5206\u4e86", "comment_isuseful": 0}, {"book_id": "6518605", "comment_id": "3678389545", "comment_username": "\u7b11\u8138", "comment_timestamp": 1675420298, "comment_location": "\u5317\u4eac", "comment_rating": 5, "comment_content": "\u8111\u6d1e\u5f88\u5927\uff0c\u529b\u8350\u3002\n\u4eba\u591a\u6e3a\u5c0f\uff0c\u4f5c\u8005\u5e26\u4f60\u8d2f\u7a7f\u5b87\u5b99\u7eaa\u5143\u3002\n\u63d0\u5347\u5b87\u5b99\u89c2\u7684\u4f73\u4f5c\u3002", "comment_isuseful": 0}, {"book_id": "6518605", "comment_id": "3678221270", "comment_username": "\u7f57\u4f2f\u65af\u5e87\u5c14", "comment_timestamp": 1675410677, "comment_location": "\u5929\u6d25", "comment_rating": 1, "comment_content": "\u968f\u7740\u5e74\u9f84\u7684\u589e\u957f\uff0c\u6211\u8d8a\u6765\u8d8a\u538c\u6076\u8fd9\u672c\u4e66", "comment_isuseful": 0}, {"book_id": "6518605", "comment_id": "3678104235", "comment_username": "\u558f\uff0c\u6b21\u997c\u5e72", "comment_timestamp": 1675403789, "comment_location": "\u6c5f\u82cf", "comment_rating": 5, "comment_content": "\u4e0d\u7ba1\u5728\u54ea\uff0c\u4eba\u6027\u90fd\u4e0d\u4f1a\u8ba9\u4eba\u5931\u671b\n\u5b87\u5b99\u5982\u6b64\u5b8f\u5927\uff0c\u6211\u6709\u4e2a\u731c\u60f3\uff0c\u6211\u4eec\u6240\u8bf4\u7684\u795e\u4ed9\u4e0d\u5c31\u662f\u9ad8\u7ef4\u5ea6\u7fa4\u4f53\uff0c\u56e0\u4e3a\u9ad8\u7ef4\u5ea6\u610f\u5473\u7740\u62e5\u6709\u66f4\u591a\u9009\u62e9\u548c\u5e72\u9884\u4e8b\u7269\u7684\u80fd\u529b", "comment_isuseful": 0}, {"book_id": "6518605", "comment_id": "3678027580", "comment_username": "\u5c0fD\u53d1\u5446\u662f\u5e38\u6001", "comment_timestamp": 1675399236, "comment_location": "\u5c71\u4e1c", "comment_rating": 5, "comment_content": "2022\u5e74\u5e95\uff0c\u4e09\u4f53\u7535\u89c6\u5267\u5f00\u64ad\u4e4b\u524d\u770b\u5b8c\u4e86\u5168\u4e09\u90e8\uff0c\u611f\u89c9\u4eca\u540e\u6bcf\u4e00\u6b21\u62ac\u5934\u770b\u661f\u7a7a\u90fd\u4eff\u4f5b\u770b\u89c1\u547d\u8fd0\u7684\u9f7f\u8f6e\u5728\u6697\u591c\u91cc\u4e00\u76f4\u7f13\u7f13\u8f6c\u52a8\uff0c\u4ece\u53e4\u5230\u4eca\u4ece\u672a\u505c\u6b62\u8fc7\u3002", "comment_isuseful": 0}]