[
    {
      "is_positive": 0,
      "positive_probs": 0.2475,
      "negative_probs": 0.7525
    },
    {
      "is_positive": 1,
      "positive_probs": 0.5611,
      "negative_probs": 0.4389
    },
    {
      "is_positive": 0,
      "positive_probs": 0.2693,
      "negative_probs": 0.7307
    },
    {
      "is_positive": 1,
      "positive_probs": 0.8641,
      "negative_probs": 0.1359
    },
    {
      "is_positive": 0,
      "positive_probs": 0.2622,
      "negative_probs": 0.7378
    },
    {
      "is_positive": 0,
      "positive_probs": 0.2875,
      "negative_probs": 0.7125
    },
    {
      "is_positive": 0,
      "positive_probs": 0.4667,
      "negative_probs": 0.5333
    },
    {
      "is_positive": 1,
      "positive_probs": 0.538,
      "negative_probs": 0.462
    }
]